"band","sex","primary_dose","secondary_dose","population","dppi46","quantity46","eyetot46","dppi49","quantity49","eyetot49","dppi56","quantity56","eyetot56","dppi63","quantity63","eyetot63","sec_maxeye","sec_maxload","year.x","sec_resist","sec_resist10","sec_toleye","sec_inf","sresid","dppi7","quantity7","eyetot7","dppi14","quantity14","eyetot14","dppi21","quantity21","eyetot21","dppi28","quantity28","eyetot28","dppi35","quantity35","eyetot35","dppi40","quantity40","eyetot40","dppi41","quantity41","eyetot41","year.y","prim_maxeye","prim_maxload","prim_resist","prim_resist10","prim_toleye","prim_inf","presid"
501,"f","0","30","az",46,0,0,49,0,0,56,0,0,NA,NA,NA,0,0,"2021",0,0,0,0,NA,7,0,0,14,NA,0,21,NA,0,28,NA,0,35,NA,0,NA,NA,NA,41,0,0,"2021",0,0,0,0,0,0,NA
502,"f","750","7000","az",46,5297.650604,0,49,191095.3927,0.5,56,59.94505495,0.5,NA,NA,NA,0.5,191095.3927,"2021",191095.3927,5.28125248901592,0.5,1,0.395526151904505,7,0,0,14,NA,0,21,NA,0,28,NA,0,35,NA,0,NA,NA,NA,41,3.788288559,0,"2021",0,3.788288559,0,0,0,0,NA
503,"m","750","0","az",NA,NA,NA,NA,NA,NA,NA,NA,NA,NA,NA,NA,NA,NA,NA,NA,NA,NA,NA,NA,7,25055.42642,2,14,2813.389318,2,21,NA,0,28,NA,0,35,NA,0,40,192.3299925,0,41,NA,0,"2022",2,25055.42642,25055.42642,4.39891913143297,2,1,-0.0186767492229475
507,"f","0","0","az",46,0,0,49,0,NA,56,0,0,NA,NA,NA,0,0,"2022",0,0,0,0,NA,7,0,0,14,0,0,21,NA,0,28,NA,0,35,NA,0,40,0,0,41,NA,0,"2022",0,0,0,0,0,0,NA
511,"f","0","300","az",46,0,0,49,0,NA,56,3.197555639,0,NA,NA,NA,0,3.197555639,"2022",0,0,0,0,NA,7,0,0,14,0,0,21,NA,0,28,NA,0,35,NA,0,40,0,0,41,NA,0,"2022",0,0,0,0,0,0,NA
516,"m","750","100","az",46,1.503539377,0,49,0,NA,56,0,0,NA,NA,NA,0,1.503539377,"2022",0,0,0,0,NA,7,122898.9775,1,14,1239.673502,3,21,NA,0,28,NA,0,35,NA,0,40,0,0,41,NA,0,"2022",3,122898.9775,122898.9775,5.08955180337769,3,1,-0.0906675096025797
519,"f","0","100","az",46,0,0,49,0,0,56,0,0,NA,NA,NA,0,0,"2021",0,0,0,0,NA,7,0,0,14,NA,0,21,NA,0,28,NA,0,35,NA,0,NA,NA,NA,41,0,0,"2021",0,0,0,0,0,0,NA
527,"f","750","0","az",46,0,0,49,0,NA,56,0,0,NA,NA,NA,0,0,"2022",0,0,0,0,NA,7,0,0,14,0,0,21,NA,0,28,NA,0,35,NA,0,40,0,0,41,NA,0,"2022",0,0,0,0,0,0,NA
532,"m","750","30","az",46,36.99478592,0,49,3.23445649,NA,56,0,0,NA,NA,NA,0,36.99478592,"2022",3.23445649,0.62679767475131,0,1,0.0755456854218162,7,7115.15398,0,14,22391.40346,2,21,NA,3.5,28,NA,2,35,NA,0,40,4.886085678,0,41,NA,0,"2022",3.5,22391.40346,7115.15398,3.85224533681785,2,1,-0.0844041506356013
540,"m","0","7000","az",46,363.1424468,0,49,221134.5005,NA,56,33804.32667,3,NA,NA,NA,3,221134.5005,"2022",221134.5005,5.3446584686467,3,1,-0.0129090556944827,7,0,0,14,0,0,21,NA,0,28,NA,0,35,NA,0,40,0,0,41,NA,0,"2022",0,0,0,0,0,0,NA
549,"m","0","100","az",46,0,0,49,0,0,56,0,0,NA,NA,NA,0,0,"2021",0,0,0,0,NA,7,0,0,14,NA,0,21,NA,0,28,NA,0,35,NA,0,NA,NA,NA,41,0,0,"2021",0,0,0,0,0,0,NA
551,"f","0","30","az",46,0,0,49,0,NA,56,0,0,NA,NA,NA,0,0,"2022",0,0,0,0,NA,7,0,0,14,0,0,21,NA,0,28,NA,0,35,NA,0,40,0,0,41,NA,0,"2022",0,0,0,0,0,0,NA
565,"f","0","7000","az",46,140.4973939,0,49,230880.6826,NA,56,1016.422993,4,NA,NA,NA,4,230880.6826,"2022",230880.6826,5.36338947877555,4,1,-0.177142492974627,7,0,0,14,0,0,21,NA,0,28,NA,0,35,NA,0,40,0,0,41,NA,0,"2022",0,0,0,0,0,0,NA
569,"m","0","30","az",46,0,0,49,0,0,56,0,0,NA,NA,NA,0,0,"2021",0,0,0,0,NA,7,0,0,14,NA,0,21,NA,0,28,NA,0,35,NA,0,NA,NA,NA,41,0,0,"2021",0,0,0,0,0,0,NA
570,"m","750","100","az",46,0,0,49,0,0,56,0,0,NA,NA,NA,0,0,"2021",0,0,0,0,NA,7,57648.51049,1,14,NA,1.5,21,NA,0,28,NA,0,35,NA,0,NA,NA,NA,41,0,0,"2021",1.5,57648.51049,57648.51049,4.76079562399161,1.5,1,0.112920715992295
571,"f","750","0","az",46,9.607427205,0,49,0,0,56,0,0,NA,NA,NA,0,9.607427205,"2021",0,0,0,0,NA,7,272321.8046,2,14,NA,5,21,NA,3.5,28,NA,1,35,NA,0,NA,NA,NA,41,4.401469489,0,"2021",5,272321.8046,272321.8046,5.43508401114257,5,1,-0.373432149335222
573,"f","750","30","az",46,0,0,49,0,NA,56,0,0,NA,NA,NA,0,0,"2022",0,0,0,0,NA,7,0,0,14,0,0,21,NA,0,28,NA,0,35,NA,0,40,0,0,41,NA,0,"2022",0,0,0,0,0,0,NA
574,"f","750","30","az",46,0,0,49,0,NA,56,0,0,NA,NA,NA,0,0,"2022",0,0,0,0,NA,7,0,0,14,0,0,21,NA,0,28,NA,0,35,NA,0,40,0,0,41,NA,0,"2022",0,0,0,0,0,0,NA
577,"f","0","30","az",46,0,0,49,0,NA,56,0,0,NA,NA,NA,0,0,"2022",0,0,0,0,NA,7,0,0,14,0,0,21,NA,0,28,NA,0,35,NA,0,40,0,0,41,NA,0,"2022",0,0,0,0,0,0,NA
578,"f","0","7000","az",46,33677.03482,1,49,89552.07319,NA,56,217880.6148,5.5,NA,NA,NA,5.5,217880.6148,"2022",89552.07319,4.95208049411088,5.5,1,-0.480257732020053,7,0,0,14,0,0,21,NA,0,28,NA,0,35,NA,0,40,0,0,41,NA,0,"2022",0,0,0,0,0,0,NA
582,"f","750","7000","az",46,3.691313617,0,49,81.32661621,NA,56,30.89944918,0,NA,NA,NA,0,81.32661621,"2022",81.32661621,1.91554026539906,0,1,0.137709231070874,7,56761.96298,3,14,304.6128398,2,21,NA,1,28,NA,1.5,35,NA,0,40,6.854166603,0,41,NA,0,"2022",3,56761.96298,56761.96298,4.75406505719203,3,1,-0.138006465274734
583,"f","750","na","az",NA,NA,NA,NA,NA,NA,NA,NA,NA,NA,NA,NA,NA,NA,NA,NA,NA,NA,NA,NA,7,107984.1486,0.5,14,NA,2,21,NA,2.5,28,NA,3.5,35,NA,3,NA,NA,NA,41,126712.8962,4.5,"2021",4.5,126712.8962,107984.1486,5.03336403025935,2,1,0.0679258615414328
584,"f","750","30","az",46,0,0,49,0,NA,56,0,0,NA,NA,NA,0,0,"2022",0,0,0,0,NA,7,0,0,14,0,0,21,NA,0,28,NA,0,35,NA,0,40,0,0,41,NA,0,"2022",0,0,0,0,0,0,NA
590,"f","750","30","az",46,0,0,49,0,0,56,0,0,NA,NA,NA,0,0,"2021",0,0,0,0,NA,7,0,0,14,NA,0,21,NA,0,28,NA,0,35,NA,0,NA,NA,NA,41,0,0,"2021",0,0,0,0,0,0,NA
595,"f","0","100","az",46,0,0,49,0,NA,56,0,0,NA,NA,NA,0,0,"2022",0,0,0,0,NA,7,0,0,14,0,0,21,NA,0,28,NA,0,35,NA,0,40,0,0,41,NA,0,"2022",0,0,0,0,0,0,NA
596,"m","0","100","az",46,0,0,49,0,0,56,0,0,NA,NA,NA,0,0,"2021",0,0,0,0,NA,7,0,0,14,NA,0,21,NA,0,28,NA,0,35,NA,0,NA,NA,NA,41,0,0,"2021",0,0,0,0,0,0,NA
598,"m","0","0","az",46,0,0,49,0,0,56,0,0,NA,NA,NA,0,0,"2021",0,0,0,0,NA,7,0,0,14,NA,0,21,NA,0,28,NA,0,35,NA,0,NA,NA,NA,41,0,0,"2021",0,0,0,0,0,0,NA
599,"m","750","30","az",46,0,0,49,0,NA,56,0,0,NA,NA,NA,0,0,"2022",0,0,0,0,NA,7,0,0,14,0.990650217,0,21,NA,0,28,NA,0,35,NA,0,40,0,0,41,NA,0,"2022",0,0.990650217,0,0,0,0,NA
600,"f","750","100","az",46,6.311288617,0,49,2.013385323,NA,56,0,0,NA,NA,NA,0,6.311288617,"2022",2.013385323,0.479054668664077,0,0,NA,7,257.0514956,0,14,0,0,21,NA,0,28,NA,0,35,NA,0,40,0,0,41,NA,0,"2022",0,257.0514956,257.0514956,2.41170638047222,0,1,0.123132791337012
638,"m","750","100","az",46,1.173320369,0,49,0,0,56,0,0,NA,NA,NA,0,1.173320369,"2021",0,0,0,0,NA,7,231959.2191,1.5,14,NA,0,21,NA,0,28,NA,0,35,NA,0,NA,NA,NA,41,0.661930119,0,"2021",1.5,231959.2191,231959.2191,5.36541351029292,1.5,1,0.199603280256176
642,"f","0","30","az",46,0,0,49,0,0,56,0,0,NA,NA,NA,0,0,"2021",0,0,0,0,NA,7,0,0,14,NA,0,21,NA,0,28,NA,0,35,NA,0,NA,NA,NA,41,0,0,"2021",0,0,0,0,0,0,NA
682,"m","0","300","az",46,0,0,49,0,0,56,0,0,NA,NA,NA,0,0,"2021",0,0,0,0,NA,7,0,0,14,NA,0,21,NA,0,28,NA,0,35,NA,0,NA,NA,NA,41,1.409073629,0,"2021",0,1.409073629,0,0,0,0,NA
688,"f","0","300","az",46,0,0,49,0,0,56,0,0,NA,NA,NA,0,0,"2021",0,0,0,0,NA,7,0,0,14,NA,0,21,NA,0,28,NA,0,35,NA,0,NA,NA,NA,41,1.12902069,0,"2021",0,1.12902069,0,0,0,0,NA
803,"f","750","100","az",46,0,0,49,0,NA,56,0,0,NA,NA,NA,0,0,"2022",0,0,0,0,NA,7,0,0,14,0,0,21,NA,0,28,NA,0,35,NA,0,40,0,0,41,NA,0,"2022",0,0,0,0,0,0,NA
805,"f","0","7000","az",46,18728.38866,0.5,49,34840.73261,NA,56,13965.99365,5,NA,NA,NA,5,34840.73261,"2022",34840.73261,4.54209974347262,5,1,-0.448456325437064,7,0,0,14,0,0,21,NA,0,28,NA,0,35,NA,0,40,0,0,41,NA,0,"2022",0,0,0,0,0,0,NA
809,"m","750","100","az",46,0,0,49,0,NA,56,0,0,NA,NA,NA,0,0,"2022",0,0,0,0,NA,7,0,0,14,0,0,21,NA,0,28,NA,0,35,NA,0,40,0,0,41,NA,0,"2022",0,0,0,0,0,0,NA
810,"f","750","na","az",NA,NA,NA,NA,NA,NA,NA,NA,NA,NA,NA,NA,NA,NA,NA,NA,NA,NA,NA,NA,7,188208.3197,0.5,14,NA,3,21,NA,2.5,28,NA,5,35,NA,5.5,NA,NA,NA,41,18629.49049,4,"2021",5.5,188208.3197,188208.3197,5.27464112490457,3,1,-0.0637478422016422
811,"f","750","7000","az",46,1014.802678,0,49,23209.18033,NA,56,1527.161902,4,NA,NA,NA,4,23209.18033,"2022",23209.18033,4.36567851469201,4,1,-0.303262628428213,7,0,0,14,0,0,21,NA,0,28,NA,0,35,NA,0,40,0,0,41,NA,0,"2022",0,0,0,0,0,0,NA
812,"m","750","300","az",46,2199.514712,0,49,24870.5204,NA,56,46475.83745,6,NA,NA,NA,6,46475.83745,"2022",24870.5204,4.39570233457222,6,1,-0.632977216723697,7,0,0,14,0,0,21,NA,0,28,NA,0,35,NA,0,40,0,0,41,NA,0,"2022",0,0,0,0,0,0,NA
813,"f","0","7000","az",46,1350.931044,0,49,197260.9414,1,56,10.6105047,0.5,NA,NA,NA,1,197260.9414,"2021",197260.9414,5.29504330302037,1,1,0.313982340688354,7,0,0,14,NA,0,21,NA,0,28,NA,0,35,NA,0,NA,NA,NA,41,0,0,"2021",0,0,0,0,0,0,NA
814,"f","750","7000","az",46,1.469526857,0,49,0,0,56,0,0,NA,NA,NA,0,1.469526857,"2021",0,0,0,0,NA,7,109760.2709,1,14,NA,2,21,NA,0.5,28,NA,0,35,NA,0,NA,NA,NA,41,0,0,"2021",2,109760.2709,109760.2709,5.04044912698569,2,1,0.068941028100991
820,"f","750","0","az",NA,NA,NA,NA,NA,NA,NA,NA,NA,NA,NA,NA,NA,NA,NA,NA,NA,NA,NA,NA,7,11101.04263,1,14,1686.341507,1.5,21,NA,2,28,NA,3,35,NA,3,40,83490.58328,3,41,NA,3,"2022",3,83490.58328,11101.04263,4.04540289061773,1.5,1,0.0210735109860857
827,"m","0","30","az",46,0,0,49,0,NA,56,0,0,NA,NA,NA,0,0,"2022",0,0,0,0,NA,7,0,0,14,0,0,21,NA,0,28,NA,0,35,NA,0,40,0,0,41,NA,0,"2022",0,0,0,0,0,0,NA
830,"m","750","0","az",46,0,0,49,0,NA,56,0,0,NA,NA,NA,0,0,"2022",0,0,0,0,NA,7,0,0,14,0,0,21,NA,0,28,NA,0,35,NA,0,40,0,0,41,NA,0,"2022",0,0,0,0,0,0,NA
831,"m","750","30","az",46,4.913082098,0,49,0,0,56,1.342809973,0,NA,NA,NA,0,4.913082098,"2021",0,0,0,0,NA,7,0,0,14,NA,0,21,NA,0,28,NA,0,35,NA,0,NA,NA,NA,41,1.240840109,0,"2021",0,1.240840109,0,0,0,0,NA
833,"m","0","300","az",46,0,0,49,0,NA,56,0,0,NA,NA,NA,0,0,"2022",0,0,0,0,NA,7,0,0,14,0,0,21,NA,0,28,NA,0,35,NA,0,40,0,0,41,NA,0,"2022",0,0,0,0,0,0,NA
837,"f","750","300","az",46,0,0,49,0,0,56,0,0,NA,NA,NA,0,0,"2021",0,0,0,0,NA,7,35912.62002,0.5,14,NA,1,21,NA,0,28,NA,0,35,NA,0,NA,NA,NA,41,2.430242668,0,"2021",1,35912.62002,35912.62002,4.55525918333473,1,1,0.168426596454156
841,"f","750","100","az",46,0,0,49,0,NA,56,0,0,NA,NA,NA,0,0,"2022",0,0,0,0,NA,7,0,0,14,0,0,21,NA,0,28,NA,0,35,NA,0,40,0,0,41,NA,0,"2022",0,0,0,0,0,0,NA
843,"f","750","0","az",NA,NA,NA,NA,NA,NA,NA,NA,NA,NA,NA,NA,NA,NA,NA,NA,NA,NA,NA,NA,7,28497.12726,0.5,14,4226.430013,3,21,NA,3,28,NA,2.5,35,NA,2,40,2.808179579,2,41,NA,1.5,"2022",3,28497.12726,28497.12726,4.45481632150427,3,1,-0.178113515310507
844,"m","750","0","az",NA,NA,NA,NA,NA,NA,NA,NA,NA,NA,NA,NA,NA,NA,NA,NA,NA,NA,NA,NA,7,10459.0212,1,14,31730.26198,2,21,NA,2.5,28,NA,3,35,NA,1,40,18.64080334,0,41,NA,0,"2022",3,31730.26198,10459.0212,4.0195325647448,2,1,-0.0652963740337372
847,"m","750","300","az",46,0,0,49,0,NA,56,0,0,NA,NA,NA,0,0,"2022",0,0,0,0,NA,7,0,0,14,0,0,21,NA,0,28,NA,0,35,NA,0,40,0,0,41,NA,0,"2022",0,0,0,0,0,0,NA
850,"m","750","300","az",46,0,0,49,0,0,56,0,0,NA,NA,NA,0,0,"2021",0,0,0,0,NA,7,0,0,14,NA,0,21,NA,0,28,NA,0,35,NA,0,NA,NA,NA,41,0,0,"2021",0,0,0,0,0,0,NA
854,"m","0","100","az",46,0,0,49,0,0,56,0,0,NA,NA,NA,0,0,"2021",0,0,0,0,NA,7,0,0,14,NA,0,21,NA,0,28,NA,0,35,NA,0,NA,NA,NA,41,0,0,"2021",0,0,0,0,0,0,NA
855,"m","0","30","az",46,0,0,49,0,0,56,0,0,NA,NA,NA,0,0,"2021",0,0,0,0,NA,7,0,0,14,NA,0,21,NA,0,28,NA,0,35,NA,0,NA,NA,NA,41,0,0,"2021",0,0,0,0,0,0,NA
857,"f","750","100","az",46,0,0,49,0,0,56,0,0,NA,NA,NA,0,0,"2021",0,0,0,0,NA,7,14102.78554,0,14,NA,2,21,NA,0.5,28,NA,0,35,NA,0,NA,NA,NA,41,0,0,"2021",2,14102.78554,14102.78554,4.14933569552618,2,1,-0.0498451915438154
865,"m","750","30","az",46,0,0,49,0.342712922,0,56,0,0,NA,NA,NA,0,0.342712922,"2021",0.342712922,0.127983168500056,0,0,NA,7,0,0,14,NA,0,21,NA,0,28,NA,0,35,NA,0,NA,NA,NA,41,0,0,"2021",0,0,0,0,0,0,NA
866,"m","0","30","az",46,0,0,49,0,NA,56,1.483586522,0,NA,NA,NA,0,1.483586522,"2022",0,0,0,0,NA,7,0,0,14,0,0,21,NA,0,28,NA,0,35,NA,0,40,0,0,41,NA,0,"2022",0,0,0,0,0,0,NA
867,"m","750","0","az",NA,NA,NA,NA,NA,NA,NA,NA,NA,NA,NA,NA,NA,NA,NA,NA,NA,NA,NA,NA,7,48084.12356,1,14,95.30524969,2,21,NA,1,28,NA,0,35,NA,0.5,40,15.09186102,0,41,NA,0,"2022",2,48084.12356,48084.12356,4.68201073635087,2,1,0.0187996815695762
869,"m","750","0","az",NA,NA,NA,NA,NA,NA,NA,NA,NA,NA,NA,NA,NA,NA,NA,NA,NA,NA,NA,NA,7,26527.05677,0,14,9712.615145,1,21,NA,2,28,NA,2.5,35,NA,2,40,11349.91747,0,41,NA,1.5,"2022",2.5,26527.05677,26527.05677,4.42370543826069,1,1,0.151185037107901
873,"m","750","na","az",NA,NA,NA,NA,NA,NA,NA,NA,NA,NA,NA,NA,NA,NA,NA,NA,NA,NA,NA,NA,7,20995.39286,0,14,NA,2.5,21,NA,3.5,28,NA,2,35,NA,2,NA,NA,NA,41,144.6663169,2,"2021",3.5,20995.39286,20995.39286,4.32214469018364,2.5,1,-0.111795181218362
875,"m","750","30","az",46,2.783786498,0,49,0,NA,56,0,0,NA,NA,NA,0,2.783786498,"2022",0,0,0,0,NA,7,13.70949138,0,14,1229.226374,1,21,NA,0,28,NA,0,35,NA,0,40,3.172810484,0,41,NA,0,"2022",1,1229.226374,13.70949138,1.16759765609406,1,1,-0.10397320778745
877,"m","750","30","az",46,41.39650048,0,49,2.055337584,NA,56,3.454999476,0,NA,NA,NA,0,41.39650048,"2022",2.055337584,0.485059202391525,0,1,0.07055756564511,7,0,0,14,19.3957983,0,21,NA,1.5,28,NA,0,35,NA,0,40,0,0,41,NA,0,"2022",1.5,19.3957983,0,0,0,1,0.0322703738560235
878,"m","0","300","az",46,0,0,49,0,NA,56,0,0,NA,NA,NA,0,0,"2022",0,0,0,0,NA,7,0,0,14,0,0,21,NA,0,28,NA,0,35,NA,0,40,0,0,41,NA,0,"2022",0,0,0,0,0,0,NA
879,"f","750","0","az",NA,NA,NA,NA,NA,NA,NA,NA,NA,NA,NA,NA,NA,NA,NA,NA,NA,NA,NA,NA,7,140670.2116,0.5,14,21250.006,2,NA,NA,NA,28,NA,3,35,NA,3,40,55848.97998,3,41,NA,0,"2022",3,140670.2116,140670.2116,5.14820522804946,2,1,0.0844791296040453
885,"f","0","100","az",46,0,0,49,0,NA,56,0,0,NA,NA,NA,0,0,"2022",0,0,0,0,NA,7,0,0,14,0,0,21,NA,0,28,NA,0,35,NA,0,40,0,0,41,NA,0,"2022",0,0,0,0,0,0,NA
886,"m","750","300","az",NA,NA,NA,NA,NA,NA,NA,NA,NA,NA,NA,NA,NA,NA,NA,NA,NA,NA,NA,NA,7,76.18193644,0,14,NA,2,21,NA,3,28,NA,2,35,NA,1,NA,NA,NA,41,34.4509012,1,"2021",3,76.18193644,76.18193644,1.88751567051235,2,1,-0.240167829512528
889,"m","0","100","az",46,0,0,49,0,NA,56,0,0,NA,NA,NA,0,0,"2022",0,0,0,0,NA,7,0,0,14,0,0,21,NA,0,28,NA,0,35,NA,0,40,0,0,41,NA,0,"2022",0,0,0,0,0,0,NA
895,"f","750","7000","az",46,9407.092017,0,49,50176.504,NA,56,694.8227077,3,NA,NA,NA,3,50176.504,"2022",50176.504,4.70050905422875,3,1,-0.095449817462447,7,0,0,14,0,0,21,NA,0,28,NA,0,35,NA,0,40,0,0,41,NA,0,"2022",0,0,0,0,0,0,NA
897,"f","0","300","az",46,0,0,49,0,NA,56,0,0,NA,NA,NA,0,0,"2022",0,0,0,0,NA,7,0,0,14,0,0,21,NA,0,28,NA,0,35,NA,0,40,0,0,41,NA,0,"2022",0,0,0,0,0,0,NA
899,"f","750","0","az",NA,NA,NA,NA,NA,NA,NA,NA,NA,NA,NA,NA,NA,NA,NA,NA,NA,NA,NA,NA,7,114375.1762,1,14,20335.21518,6,21,NA,2,28,NA,1,35,NA,0,40,15.92310293,0,41,NA,0,"2022",6,114375.1762,114375.1762,5.05833557321259,6,1,-0.595159121747413
901,"f","750","100","az",NA,NA,NA,NA,NA,NA,NA,NA,NA,NA,NA,NA,NA,NA,NA,NA,NA,NA,NA,NA,7,105116.5492,0.5,14,70166.36911,5,21,NA,4.5,28,NA,2.5,35,NA,0,40,214.0774048,0,41,NA,0,"2022",5,105116.5492,105116.5492,5.02167522682259,5,1,-0.433747079342288
909,"f","750","100","az",46,0,0,49,0,0,56,0,0,NA,NA,NA,0,0,"2021",0,0,0,0,NA,7,79422.59769,1,14,NA,0,21,NA,0,28,NA,0,35,NA,0,NA,NA,NA,41,0,0,"2021",1,79422.59769,79422.59769,4.89994955562545,1,1,0.215643383517092
911,"m","0","300","az",46,0,0,49,0,0,56,0,0,NA,NA,NA,0,0,"2021",0,0,0,0,NA,7,0,0,14,NA,0,21,NA,0,28,NA,0,35,NA,0,NA,NA,NA,41,0,0,"2021",0,0,0,0,0,0,NA
917,"m","750","7000","az",46,0,0,49,0,NA,56,0,0,NA,NA,NA,0,0,"2022",0,0,0,0,NA,7,0,0,14,0,0,21,NA,0,28,NA,0,35,NA,0,40,0,0,41,NA,0,"2022",0,0,0,0,0,0,NA
920,"f","0","7000","az",46,1972.222486,0.5,49,48523.77201,NA,56,297879.7254,6,NA,NA,NA,6,297879.7254,"2022",48523.77201,4.68596350356516,6,1,-0.597270157683946,7,0,0,14,0,0,21,NA,0,28,NA,0,35,NA,0,40,0,0,41,NA,0,"2022",0,0,0,0,0,0,NA
921,"m","750","7000","az",46,36280.82359,0,49,98337.62259,2,56,0,0,NA,NA,NA,2,98337.62259,"2021",98337.62259,4.99272412091823,2,1,0.108279612659478,7,0,0,14,NA,0,21,NA,0,28,NA,0,35,NA,0,NA,NA,NA,41,0,0,"2021",0,0,0,0,0,0,NA
922,"m","750","7000","az",46,0,0,49,0,0,56,0,0,NA,NA,NA,0,0,"2021",0,0,0,0,NA,7,0,0,14,NA,0,21,NA,0,28,NA,0,35,NA,0,NA,NA,NA,41,0,0,"2021",0,0,0,0,0,0,NA
923,"m","750","300","az",46,0,0,49,0,NA,56,0,0,NA,NA,NA,0,0,"2022",0,0,0,0,NA,7,0,0,14,0,0,21,NA,0,28,NA,0,35,NA,0,40,0,0,41,NA,0,"2022",0,0,0,0,0,0,NA
924,"f","750","na","az",NA,NA,NA,NA,NA,NA,NA,NA,NA,NA,NA,NA,NA,NA,NA,NA,NA,NA,NA,NA,7,37772.81472,2,14,NA,3,21,NA,3,28,NA,3,35,NA,3,NA,NA,NA,41,101864.8853,4,"2021",4,101864.8853,37772.81472,4.57719084578037,3,1,-0.161987453187484
931,"m","0","0","az",46,0,0,49,0,0,56,0,0,NA,NA,NA,0,0,"2021",0,0,0,0,NA,7,0,0,14,NA,0,21,NA,0,28,NA,0,35,NA,0,NA,NA,NA,41,0,0,"2021",0,0,0,0,0,0,NA
932,"m","0","100","az",46,0,0,49,0,NA,56,11492.92938,2,NA,NA,NA,2,11492.92938,"2022",0,0,2,1,-0.277626744427717,7,1.651975648,0,14,0,0,21,NA,0,28,NA,0,35,NA,0,40,0,0,41,NA,0,"2022",0,1.651975648,1.651975648,0.423569531803708,0,0,NA
944,"f","0","100","az",46,NA,0,49,0,0,56,0,0,NA,NA,NA,0,0,"2021",0,0,0,0,NA,7,0,0,14,NA,0,21,NA,0,28,NA,0,35,NA,0,NA,NA,NA,41,0,0,"2021",0,0,0,0,0,0,NA
948,"m","750","300","az",46,568.3457056,0,49,75358.44616,NA,56,76482.65045,4.5,NA,NA,NA,4.5,76482.65045,"2022",75358.44616,4.87713769803137,4.5,1,-0.323149315114535,7,0,0,14,0,0,21,NA,0,28,NA,0,35,NA,0,40,0,0,41,NA,0,"2022",0,0,0,0,0,0,NA
950,"f","750","7000","az",46,6.737069153,0,49,11.73452079,NA,56,26.15771327,0,NA,NA,NA,0,26.15771327,"2022",11.73452079,1.10498260676532,0,1,0.0948454092335939,7,67305.36198,0,14,1153.058367,3,21,NA,0.5,28,NA,1,35,NA,0,40,0.71156118,0,41,NA,0,"2022",3,67305.36198,67305.36198,4.82805611685729,3,1,-0.12775860438697
954,"m","0","0","az",46,0,0,49,0,NA,56,0,0,NA,NA,NA,0,0,"2022",0,0,0,0,NA,7,0,0,14,0,0,21,NA,0,28,NA,0,35,NA,0,40,0,0,41,NA,0,"2022",0,0,0,0,0,0,NA
960,"m","750","na","az",NA,NA,NA,NA,NA,NA,NA,NA,NA,NA,NA,NA,NA,NA,NA,NA,NA,NA,NA,NA,7,10635.85306,0,14,NA,3,21,NA,4,28,NA,4,35,NA,3,NA,NA,NA,41,22199.30142,3,"2021",4,22199.30142,10635.85306,4.02681315983614,3,1,-0.231110657976363
964,"m","0","300","az",46,4521.950716,0,49,110302.557,2,56,4.364508644,0,NA,NA,NA,2,110302.557,"2021",110302.557,5.04258951752237,2,1,0.114681826904364,7,0,0,14,NA,0,21,NA,0,28,NA,0,35,NA,0,NA,NA,NA,41,0,0,"2021",0,0,0,0,0,0,NA
965,"f","750","30","az",46,0,0,49,0,NA,56,0,0,NA,NA,NA,0,0,"2022",0,0,0,0,NA,7,0,0,14,0,0,21,NA,0,28,NA,0,35,NA,0,40,0,0,41,NA,0,"2022",0,0,0,0,0,0,NA
966,"f","750","0","az",46,0,0,49,0,NA,56,0,0,NA,NA,NA,0,0,"2022",0,0,0,0,NA,7,0,0,14,0,0,21,NA,0,28,NA,0,35,NA,0,40,0,0,41,NA,0,"2022",0,0,0,0,0,0,NA
967,"f","750","7000","az",46,21559.18079,0,49,187915.2764,NA,56,1566.125204,1.5,NA,NA,NA,1.5,187915.2764,"2022",187915.2764,5.27396439821956,1.5,1,0.227913984950956,7,0,0,14,0,0.5,21,NA,0,28,NA,0,35,NA,0,40,0,0,41,NA,0,"2022",0.5,0,0,0,0.5,1,-0.0510629594773098
968,"m","750","7000","az",46,0,0,49,3764.925169,NA,56,0,0,NA,NA,NA,0,3764.925169,"2022",3764.925169,3.57587168609667,0,1,0.274633234329112,7,131.9551908,0,14,216.3550732,1,21,NA,0.5,28,NA,0,35,NA,0,40,0.840334592,0,41,NA,0,"2022",1,216.3550732,131.9551908,2.12370529760433,1,1,-0.060904670573468
969,"f","750","0","az",NA,NA,NA,NA,NA,NA,NA,NA,NA,NA,NA,NA,NA,NA,NA,NA,NA,NA,NA,NA,7,29956.45075,0,14,92.48568521,1,21,NA,0,28,NA,0,35,NA,0,40,3.820519191,0,41,NA,0,"2022",1,29956.45075,29956.45075,4.47650485401032,1,1,0.158048458061098
971,"m","750","100","az",46,69.36900946,0,49,12.48045595,NA,56,10.7119045,0,NA,NA,NA,0,69.36900946,"2022",12.48045595,1.12970458160733,0,1,0.0959545941608976,7,156565.1493,0.5,14,535.1046904,2.5,21,NA,0.5,28,NA,0,35,NA,0,40,1.354146512,0,41,NA,0,"2022",2.5,156565.1493,156565.1493,5.19469787035697,2.5,1,0.00790255209025625
972,"m","0","7000","az",46,10653.60728,0,49,401469.3436,1.5,56,540583.8366,6,NA,NA,NA,6,540583.8366,"2021",401469.3436,5.60365346969797,6,1,-0.47926092089516,7,0,0,14,NA,0,21,NA,0,28,NA,0,35,NA,0,NA,NA,NA,41,0,0,"2021",0,0,0,0,0,0,NA
974,"f","750","0","az",46,2.5133463,0,49,0,NA,56,0,0,NA,NA,NA,0,2.5133463,"2022",0,0,0,0,NA,7,393.1112952,0,14,612.4171533,0.5,21,NA,0,28,NA,0,35,NA,0,40,6.119873784,0,41,NA,0,"2022",0.5,612.4171533,393.1112952,2.59561888189107,0.5,1,0.0521344323774265
975,"m","0","300","az",46,9.145414505,0,49,234151.1516,1,56,0,0,NA,NA,NA,1,234151.1516,"2021",234151.1516,5.36949815282369,1,1,0.32365115995803,7,0,0,14,NA,0,21,NA,0,28,NA,0,35,NA,0,NA,NA,NA,41,0,0,"2021",0,0,0,0,0,0,NA
976,"f","750","300","az",46,0,0,49,3.322123325,0,56,0.776413252,0,NA,NA,NA,0,3.322123325,"2021",3.322123325,0.63569715463488,0,0,NA,7,118632.203,1.5,14,NA,3,21,NA,2.5,28,NA,0.5,35,NA,0,NA,NA,NA,41,0,0,"2021",3,118632.203,118632.203,5.07420625615792,3,1,-0.0928774763318773
979,"m","750","0","az",NA,NA,NA,NA,NA,NA,NA,NA,NA,NA,NA,NA,NA,NA,NA,NA,NA,NA,NA,NA,7,72193.45594,1,14,3840.823384,2.5,21,NA,1.5,28,NA,2,35,NA,0.5,40,11.62982159,0,41,NA,0,"2022",2.5,72193.45594,72193.45594,4.85850384788664,2.5,1,-0.0401740297728027
980,"m","0","7000","az",46,2132.87581,0,49,398920.4051,2,56,41.96794289,2,NA,NA,NA,2,398920.4051,"2021",398920.4051,5.60088734006368,2,1,0.187046825604401,7,0,0,14,NA,0,21,NA,0,28,NA,0,35,NA,0,NA,NA,NA,41,0,0,"2021",0,0,0,0,0,0,NA
981,"m","750","0","az",46,0,0,49,0,NA,56,0,0,NA,NA,NA,0,0,"2022",0,0,0,0,NA,7,0,0,14,0,0,21,NA,0,28,NA,0,35,NA,0,40,4.933895236,0,41,NA,0,"2022",0,4.933895236,0,0,0,0,NA
983,"f","0","100","az",46,0,0,49,30187.865,NA,56,0,0,NA,NA,NA,0,30187.865,"2022",30187.865,4.47984678531515,0,1,0.37724372696288,7,0,0,14,0,0,21,NA,0,28,NA,0,35,NA,0,40,0,0,41,NA,0,"2022",0,0,0,0,0,0,NA
991,"m","750","300","az",46,0,0,49,0,NA,56,0,0,NA,NA,NA,0,0,"2022",0,0,0,0,NA,7,0,0,14,0,0,21,NA,0,28,NA,0,35,NA,0,40,0,0,41,NA,0,"2022",0,0,0,0,0,0,NA
992,"f","750","300","az",46,0,0,49,0,NA,56,0,0,NA,NA,NA,0,0,"2022",0,0,0,0,NA,7,0,0,14,0,0,21,NA,0,28,NA,0,35,NA,0,40,0,0,41,NA,0,"2022",0,0,0,0,0,0,NA
995,"f","0","7000","az",46,69529.35276,0,49,65762.95815,2,56,49.74089941,1,NA,NA,NA,2,69529.35276,"2021",65762.95815,4.81798794429738,2,1,0.0860113789157612,7,0.548124797,0,14,NA,0,21,NA,0,28,NA,0,35,NA,0,NA,NA,NA,41,0,0,"2021",0,0.548124797,0.548124797,0.189805966982453,0,0,NA
1000,"f","0","300","az",46,0,0,49,0,NA,56,0.5800625,0,NA,NA,NA,0,0.5800625,"2022",0,0,0,0,NA,7,0,0,14,0,0,21,NA,0,28,NA,0,35,NA,0,40,0,0,41,NA,0,"2022",0,0,0,0,0,0,NA
2275,"f","0","100","va",46,0,0,49,0,0,56,0,0,63,0,0,0,0,"2021",0,0,0,0,NA,7,0,0,15,NA,0,21,NA,0,28,NA,0,35,NA,0,NA,NA,NA,41,0,0,"2021",0,0,0,0,0,0,NA
2282,"f","750","100","va",46,0.585088368,0,49,0,0,56,0,0,63,0,0,0,0.585088368,"2021",0,0,0,0,NA,7,58107.66973,0.5,14,NA,0,21,NA,0,28,NA,0,35,NA,0,NA,NA,NA,41,0,0,"2021",0.5,58107.66973,58107.66973,4.76424093333701,0.5,1,0.280062392658866
2321,"f","750","100","va",46,0,0,49,0,0,56,0,0,63,0,0,0,0,"2021",0,0,0,0,NA,7,0,0,14,NA,0,21,NA,0,28,NA,0,35,NA,0,NA,NA,NA,41,0,0,"2021",0,0,0,0,0,0,NA
2372,"m","0","30","va",46,0,0,49,0.374308355,0,56,0,0,63,0,0,0,0.374308355,"2021",0.374308355,0.138084186763058,0,0,NA,7,0,0,15,NA,0,21,NA,0,28,NA,0,35,NA,0,NA,NA,NA,41,0,0,"2021",0,0,0,0,0,0,NA
2374,"f","0","300","va",46,0,0,49,0,0,56,0,0,63,0,0,0,0,"2021",0,0,0,0,NA,7,0,0,15,NA,0,21,NA,0,28,NA,0,35,NA,0,NA,NA,NA,41,0,0,"2021",0,0,0,0,0,0,NA
2375,"f","750","7000","va",NA,NA,NA,NA,NA,NA,NA,NA,NA,NA,NA,NA,NA,NA,NA,NA,NA,NA,NA,NA,7,7894.669015,0,14,NA,3,21,NA,3.5,28,NA,0,35,NA,0,NA,NA,NA,41,21.97608617,0,"2021",3.5,7894.669015,7894.669015,3.89738893449796,3,1,-0.24600536746538
2377,"f","750","100","va",46,0,0,49,0,0,56,0,0,63,0,0,0,0,"2021",0,0,0,0,NA,7,0,0,14,NA,0,21,NA,0,28,NA,0,35,NA,0,NA,NA,NA,41,0,0,"2021",0,0,0,0,0,0,NA
2378,"m","750","0","va",46,0,0,49,0,0,56,0,0,63,0,0,0,0,"2021",0,0,0,0,NA,7,0,0,14,NA,0,21,NA,0,28,NA,0,35,NA,0,NA,NA,NA,41,0,0,"2021",0,0,0,0,0,0,NA
2380,"m","0","30","va",46,0,0,49,0,0,56,0,0,63,0,0,0,0,"2021",0,0,0,0,NA,7,2.893600461,0,15,NA,0,21,NA,0,28,NA,0,35,NA,0,NA,NA,NA,41,0,0,"2021",0,2.893600461,2.893600461,0.590351384655664,0,0,NA
2381,"m","750","7000","va",46,0,0,49,74052.54329,1,56,107.3339343,0.5,63,570.3595162,0,1,74052.54329,"2021",74052.54329,4.86954584333636,1,1,0.259218665604261,7,0.660508328,0,14,NA,0,21,NA,0,28,NA,0,35,NA,0,NA,NA,NA,41,0,0,"2021",0,0.660508328,0.660508328,0.220241058070734,0,0,NA
2389,"m","750","100","va",46,0,0,49,0,0,56,0,0,63,0,0,0,0,"2021",0,0,0,0,NA,7,0,0,14,NA,0,21,NA,0,28,NA,0,35,NA,0,NA,NA,NA,41,0,0,"2021",0,0,0,0,0,0,NA
2390,"f","750","300","va",46,0,0,49,0,0,56,1.369903072,0,63,0,0,0,1.369903072,"2021",0,0,0,0,NA,7,0,0,14,NA,0,21,NA,0,28,NA,0,35,NA,0,NA,NA,NA,41,0,0,"2021",0,0,0,0,0,0,NA
2391,"f","750","7000","va",NA,NA,NA,NA,NA,NA,NA,NA,NA,NA,NA,NA,NA,NA,NA,NA,NA,NA,NA,NA,7,14956.27681,0,14,NA,1,21,NA,0,28,NA,0,35,NA,0,NA,NA,NA,41,25.88490148,0,"2021",1,14956.27681,14956.27681,4.17485253109232,1,1,0.119921438375534
2392,"f","0","7000","va",46,124316.9373,0.5,49,52696.54749,2,56,54.7042415,1.5,63,0,0,2,124316.9373,"2021",52696.54749,4.72179040389672,2,1,0.0738848837903378,7,0,0,15,NA,0,21,NA,0,28,NA,0,35,NA,0,NA,NA,NA,41,0,0,"2021",0,0,0,0,0,0,NA
2393,"f","0","7000","va",46,3028.525928,0,49,327238.7343,1,56,52668.06915,5,63,901.7589095,3.5,5,327238.7343,"2021",327238.7343,5.51486603136705,5,1,-0.324123549474481,7,0,0,15,NA,0,21,NA,0,28,NA,0,35,NA,0,NA,NA,NA,41,0,0,"2021",0,0,0,0,0,0,NA
2394,"m","750","30","va",46,0,0,49,0,0,56,0,0,63,0,0,0,0,"2021",0,0,0,0,NA,7,0,0,14,NA,0,21,NA,0,28,NA,0,35,NA,0,NA,NA,NA,41,0,0,"2021",0,0,0,0,0,0,NA
2395,"f","0","30","va",46,3.258433919,0,49,1380.077838,0,56,28.93603469,1,63,1.623424689,0,1,1380.077838,"2021",1380.077838,3.14021815624789,1,1,0.0652112983094853,7,5.795861866,0,15,NA,0,21,NA,0,28,NA,0,35,NA,0,NA,NA,NA,41,0,0,"2021",0,5.795861866,5.795861866,0.832244542733257,0,0,NA
2397,"f","0","300","va",46,0,0,49,0,0,56,0,0,63,0,0,0,0,"2021",0,0,0,0,NA,7,3.616238232,0,15,NA,0,21,NA,0,28,NA,0,35,NA,0,NA,NA,NA,41,0,0,"2021",0,3.616238232,3.616238232,0.664288213530093,0,0,NA
2398,"f","750","300","va",46,0,0,49,0,0,56,0,0,63,1.388314373,0,0,1.388314373,"2021",0,0,0,0,NA,7,0,0,14,NA,0,21,NA,0,28,NA,0,35,NA,0,NA,NA,NA,41,0,0,"2021",0,0,0,0,0,0,NA
2399,"f","750","7000","va",46,11816.44796,0,49,69190.67605,1.5,56,26871.8093,2,63,36.52618992,1,2,69190.67605,"2021",69190.67605,4.84005385077187,2,1,0.088807325426758,7,6.26866657,0,14,NA,0,21,NA,0,28,NA,0,35,NA,0,NA,NA,NA,41,0,0,"2021",0,6.26866657,6.26866657,0.861454747254423,0,0,NA
2411,"m","750","300","va",46,2.86187499,0,49,0,0,56,1.302691477,0,63,0,0,0,2.86187499,"2021",0,0,0,0,NA,7,8.738784313,0,14,NA,0,21,NA,0,28,NA,0,35,NA,0,NA,NA,NA,41,1.613831198,0,"2021",0,8.738784313,8.738784313,0.988504747524682,0,0,NA
2412,"f","750","300","va",46,0,0,49,0,0,56,0,0,63,0,0,0,0,"2021",0,0,0,0,NA,7,0,0,14,NA,0,21,NA,0,28,NA,0,35,NA,0,NA,NA,NA,41,0,0,"2021",0,0,0,0,0,0,NA
2413,"f","750","0","va",46,3.59306602,0,49,3.573206314,0,56,4.388708076,0,63,0,0,0,4.388708076,"2021",3.573206314,0.660220794429139,0,0,NA,7,2349.441783,0,14,NA,0.5,21,NA,2,28,NA,1.5,35,NA,0,NA,NA,NA,41,5.129516912,0,"2021",2,2349.441783,2349.441783,3.37114949881933,0.5,1,0.115893889965332
2415,"f","0","30","va",46,0,0,49,0,0,56,0,0,63,0,0,0,0,"2021",0,0,0,0,NA,7,3.937634269,0,15,NA,0,21,NA,0,28,NA,0,35,NA,0,NA,NA,NA,41,0,0,"2021",0,3.937634269,3.937634269,0.693518918557138,0,0,NA
2416,"m","0","300","va",46,0,0,49,0,0,56,0,0,63,0,0,0,0,"2021",0,0,0,0,NA,7,0.876961662,0,15,NA,0,21,NA,0,28,NA,0,35,NA,0,NA,NA,NA,41,0,0,"2021",0,0.876961662,0.876961662,0.273455402002333,0,0,NA
2417,"m","0","30","va",46,0,0,49,0,0,56,0,0,63,0,0,0,0,"2021",0,0,0,0,NA,7,0.731585688,0,15,NA,0,21,NA,0,28,NA,0,35,NA,0,NA,NA,NA,41,0,0,"2021",0,0.731585688,0.731585688,0.238443987600629,0,0,NA
2418,"m","0","7000","va",46,8128.371877,0,49,146776.72,1.5,56,1333.92608,2.5,63,10.19013338,1,2.5,146776.72,"2021",146776.72,5.16666013721898,2.5,1,0.0473483750981819,7,5.577954107,0,15,NA,0,21,NA,0,28,NA,0,35,NA,0,NA,NA,NA,41,0,0,"2021",0,5.577954107,5.577954107,0.8180908391761,0,0,NA
2426,"f","750","30","va",46,NA,0,49,0,0,56,0.766412527,0,63,2.357789478,0,0,2.357789478,"2021",0,0,0,0,NA,7,556.2405644,0,14,NA,0.5,21,NA,0,28,NA,0,35,NA,0,NA,NA,NA,41,3.041555949,0,"2021",0.5,556.2405644,556.2405644,2.74604272342647,0.5,1,0.0629840411725278
2427,"m","750","300","va",46,0,0,49,0,0,56,0,0,63,0,0,0,0,"2021",0,0,0,0,NA,7,12582.5023,1.5,14,NA,0.5,21,NA,0,28,NA,0,35,NA,0,NA,NA,NA,41,0.657908661,0,"2021",1.5,12582.5023,12582.5023,4.09980153283216,1.5,1,0.0275286241585808
2429,"f","0","30","va",46,0,0,49,0,0,56,0,0,63,0,0,0,0,"2021",0,0,0,0,NA,7,0,0,15,NA,0,21,NA,0,28,NA,0,35,NA,0,NA,NA,NA,41,0,0,"2021",0,0,0,0,0,0,NA
2433,"m","750","30","va",46,0,0,49,0,0,56,0,0,63,0,0,0,0,"2021",0,0,0,0,NA,7,187.4335907,0,14,NA,0,21,NA,0,28,NA,0,35,NA,0,NA,NA,NA,41,0,0,"2021",0,187.4335907,187.4335907,2.27515832390964,0,1,0.114609941904255
2439,"m","0","100","va",46,0,0,49,0,0,56,0,0,63,0,0,0,0,"2021",0,0,0,0,NA,7,0.84049428,0,15,NA,0,21,NA,0,28,NA,0,35,NA,0,NA,NA,NA,41,0,0,"2021",0,0.84049428,0.84049428,0.264934472057993,0,0,NA
2442,"f","750","30","va",46,0,0,49,0,0,56,0,0,63,0,0,0,0,"2021",0,0,0,0,NA,7,1474.2996,0,14,NA,0,21,NA,0,28,NA,0,35,NA,0,NA,NA,NA,41,0,0,"2021",0,1474.2996,1474.2996,3.1688802246628,0,1,0.180685253477465
2447,"m","750","7000","va",46,0,0,49,0,0,56,0,0,63,0,0,0,0,"2021",0,0,0,0,NA,7,8448.823613,0.5,14,NA,1,21,NA,0,28,NA,0,35,NA,0,NA,NA,NA,41,1.733648328,0,"2021",1,8448.823613,8448.823613,3.92684764330469,1,1,0.0906698889490447
2450,"m","0","100","va",46,0,0,49,539.2610754,0,56,29450.33206,1,63,23.75618171,1,1,29450.33206,"2021",539.2610754,2.73260367872196,1,1,0.0296215924114869,7,0,0,15,NA,0,21,NA,0,28,NA,0,35,NA,0,NA,NA,NA,41,0,0,"2021",0,0,0,0,0,0,NA
2453,"m","750","7000","va",46,0,0,49,0,1.5,56,0,0.5,63,0,0.5,1.5,0,"2021",0,0,1.5,1,-0.194293411094384,7,7470.952192,0,14,NA,1.5,21,NA,0.5,28,NA,0,35,NA,0,NA,NA,NA,41,0,0,"2021",1.5,7470.952192,7470.952192,3.87343408447244,1.5,1,0.00129827973771923
2454,"m","750","100","va",46,0,0,49,0,0,56,0,0,63,0,0,0,0,"2021",0,0,0,0,NA,7,83.35593344,0,14,NA,0,21,NA,0,28,NA,0,35,NA,0,NA,NA,NA,41,9.3311631,0,"2021",0,83.35593344,83.35593344,1.92611563546839,0,1,0.0951278821721776
2455,"m","750","100","va",46,7.994287635,0,49,0,0,56,17.0964305,0,63,10.3630596,0,0,17.0964305,"2021",0,0,0,1,0.0557065889056163,7,120.1415033,0,14,NA,1,21,NA,1,28,NA,0,35,NA,0,NA,NA,NA,41,13.8529559,0,"2021",1,120.1415033,120.1415033,2.08329295871843,1,1,-0.0631615987913715
2458,"m","0","100","va",46,0,0,49,0,0,56,0,0,63,0,0,0,0,"2021",0,0,0,0,NA,7,0,0,15,NA,0,21,NA,0,28,NA,0,35,NA,0,NA,NA,NA,41,0,0,"2021",0,0,0,0,0,0,NA
2459,"m","750","30","va",46,0,0,49,0,0,56,0,0,63,0,0,0,0,"2021",0,0,0,0,NA,7,0,0,14,NA,0,21,NA,0,28,NA,0,35,NA,0,NA,NA,NA,41,2.682232458,0,"2021",0,2.682232458,0,0,0,0,NA
2460,"m","0","7000","va",46,0,1.5,49,90783.25887,3.5,56,3326.136417,4,63,19.75380782,1,4,90783.25887,"2021",90783.25887,4.95801055250195,4,1,-0.229499291063897,7,0,0,15,NA,0,21,NA,0,28,NA,0,35,NA,0,NA,NA,NA,41,0,0,"2021",0,0,0,0,0,0,NA
2462,"f","750","30","va",46,0,0,49,0,0,56,0,0,63,0,0,0,0,"2021",0,0,0,0,NA,7,193.8524386,0,14,NA,0,21,NA,0,28,NA,0,35,NA,0,NA,NA,NA,41,0.385845393,0,"2021",0,193.8524386,193.8524386,2.2897058454066,0,1,0.115492908562519
2465,"f","750","300","va",46,0,0,49,0,0,56,0,0,63,0,0,0,0,"2021",0,0,0,0,NA,7,20762.80507,0,14,NA,0.5,21,NA,0,28,NA,0,35,NA,0,NA,NA,NA,41,5.554510702,0,"2021",0.5,20762.80507,20762.80507,4.31730694308194,0.5,1,0.220927311939093
2471,"m","0","30","va",46,0,0,49,0,0,56,0,0,63,0,0,0,0,"2021",0,0,0,0,NA,7,0,0,15,NA,0,21,NA,0,28,NA,0,35,NA,0,NA,NA,NA,41,0,0,"2021",0,0,0,0,0,0,NA
2472,"f","0","100","va",46,0,0,49,0,0,56,0,0,63,0,0,0,0,"2021",0,0,0,0,NA,7,0,0,15,NA,0,21,NA,0,28,NA,0,35,NA,0,NA,NA,NA,41,0.863692481,0,"2021",0,0.863692481,0,0,0,0,NA
2473,"m","750","30","va",46,0.390147871,0,49,0,0,56,0,0,63,0,0,0,0.390147871,"2021",0,0,0,0,NA,7,12411.79429,0,14,NA,1,21,NA,0,28,NA,0,35,NA,0,NA,NA,NA,41,0,0,"2021",1,12411.79429,12411.79429,4.09386955814054,1,1,0.110153468868164
2474,"f","750","300","va",46,129.9688727,0,49,2393.653493,0,56,10.81907253,0,63,0,0,0,2393.653493,"2021",2393.653493,3.37924267976929,0,1,0.254744045940547,7,2.373632597,0,14,NA,0,21,NA,0,28,NA,0,35,NA,0,NA,NA,NA,41,0,0,"2021",0,2.373632597,2.373632597,0.528097784304185,0,0,NA
2475,"m","0","300","va",46,0,0,49,0,0,56,0,0,63,0,0,0,0,"2021",0,0,0,0,NA,7,0,0,15,NA,0,21,NA,0,28,NA,0,35,NA,0,NA,NA,NA,41,0,0,"2021",0,0,0,0,0,0,NA
2485,"m","750","7000","va",46,14836.93369,0.5,49,100356.1379,3.5,56,107.7094889,2.5,63,27.13366546,0,3.5,100356.1379,"2021",100356.1379,5.00154826711088,3.5,1,-0.140588806251348,7,0,0,14,NA,0,21,NA,0,28,NA,0,35,NA,0,NA,NA,NA,41,0,0,"2021",0,0,0,0,0,0,NA
2487,"m","0","0","va",46,0,0,49,0,0,56,0,0,63,0,0,0,0,"2021",0,0,0,0,NA,7,0,0,15,NA,0,21,NA,0,28,NA,0,35,NA,0,NA,NA,NA,41,0,0,"2021",0,0,0,0,0,0,NA
2489,"m","0","100","va",46,0,0,49,0,0,56,0,0,63,0,0,0,0,"2021",0,0,0,0,NA,7,0,0,15,NA,0,21,NA,0,28,NA,0,35,NA,0,NA,NA,NA,41,0,0,"2021",0,0,0,0,0,0,NA
2490,"f","0","100","va",46,0,0,49,0,0,56,0,0,63,1.623206336,0,0,1.623206336,"2021",0,0,0,0,NA,7,0,0,15,NA,0,21,NA,0,28,NA,0,35,NA,0,NA,NA,NA,41,0,0,"2021",0,0,0,0,0,0,NA
2493,"f","0","300","va",46,0,0,49,0,0,56,0,0,63,0,0,0,0,"2021",0,0,0,0,NA,7,0,0,15,NA,0,21,NA,0,28,NA,0,35,NA,0,NA,NA,NA,41,0,0,"2021",0,0,0,0,0,0,NA
2495,"m","750","300","va",46,0,0,49,0,0,56,0,0,63,0,0,0,0,"2021",0,0,0,0,NA,7,0,0,14,NA,0,21,NA,0,28,NA,0,35,NA,0,NA,NA,NA,41,0,0,"2021",0,0,0,0,0,0,NA
2496,"m","750","300","va",46,0,0,49,0.831013576,0,56,0,0,63,0,0,0,0.831013576,"2021",0.831013576,0.262691564378173,0,0,NA,7,155733.1734,1,14,NA,0,21,NA,0,28,NA,0,35,NA,0,NA,NA,NA,41,0,0,"2021",1,155733.1734,155733.1734,5.19238392207732,1,1,0.25756557751349
2497,"m","0","7000","va",46,2006.748277,0,49,81292.14063,1.5,56,36083.75271,2,63,827.5798483,2,2,81292.14063,"2021",81292.14063,4.91005390214736,2,1,0.0977092152924935,7,0,0,15,NA,0,21,NA,0,28,NA,0,35,NA,0,NA,NA,NA,41,0,0,"2021",0,0,0,0,0,0,NA
2498,"f","0","300","va",46,0,0,49,0,0,56,0,0,63,0,0,0,0,"2021",0,0,0,0,NA,7,0,0,15,NA,0,21,NA,0,28,NA,0,35,NA,0,NA,NA,NA,41,0,0,"2021",0,0,0,0,0,0,NA
2499,"m","750","7000","va",46,4056.64836,0,49,115502.2111,0.5,56,125.3810139,0.5,63,3.46897249,0,0.5,115502.2111,"2021",115502.2111,5.06259405819895,0.5,1,0.367255181667692,7,0,0,14,NA,0,21,NA,0,28,NA,0,35,NA,0,NA,NA,NA,41,0,0,"2021",0,0,0,0,0,0,NA
2502,"f","750","100","va",46,0,0,49,0,0,56,0,0,63,0,0,0,0,"2021",0,0,0,0,NA,7,151.4116055,0,14,NA,0.5,21,NA,0,28,NA,0,35,NA,0,NA,NA,NA,41,0,0,"2021",0.5,151.4116055,151.4116055,2.18301803795312,0.5,1,0.0258196686710209
2503,"m","0","300","va",46,0,0,49,0,0,56,0,0,63,1.794871879,0,0,1.794871879,"2021",0,0,0,0,NA,7,0,0,15,NA,0,21,NA,0,28,NA,0,35,NA,0,NA,NA,NA,41,0,0,"2021",0,0,0,0,0,0,NA
2505,"m","750","300","va",46,1.280011596,0,49,1.639144395,0,56,0,0,63,0,0,0,1.639144395,"2021",1.639144395,0.421463152340612,0,0,NA,7,78169.77526,1.5,14,NA,3,21,NA,0.5,28,NA,0,35,NA,0,NA,NA,NA,41,0,0,"2021",3,78169.77526,78169.77526,4.89304441910142,3,1,-0.118661565930977
2511,"m","0","100","va",46,0,0,49,0,0,56,1.215782491,0,63,0,0,0,1.215782491,"2021",0,0,0,0,NA,7,0,0,15,NA,0,21,NA,0,28,NA,0,35,NA,0,NA,NA,NA,41,0,0,"2021",0,0,0,0,0,0,NA
2512,"f","0","7000","va",46,129.0314887,0,49,22983.28116,0.5,56,1.02209157,0,63,0.962157119,0,0.5,22983.28116,"2021",22983.28116,4.36143092561397,0.5,1,0.279559982126713,7,0,0,15,NA,0,21,NA,0,28,NA,0,35,NA,0,NA,NA,NA,41,0,0,"2021",0,0,0,0,0,0,NA
2513,"f","750","0","va",46,0,0,49,0,0,56,0,0,63,0,0,0,0,"2021",0,0,0,0,NA,7,0,0,14,NA,0,21,NA,0,28,NA,0,35,NA,0,NA,NA,NA,41,0,0,"2021",0,0,0,0,0,0,NA
2515,"f","750","300","va",NA,NA,NA,NA,NA,NA,NA,NA,NA,NA,NA,NA,NA,NA,NA,NA,NA,NA,NA,NA,7,0.865825151,0,14,NA,1.5,21,NA,0,28,NA,0,35,NA,0,NA,NA,NA,41,42.40700718,0,"2021",1.5,42.40700718,0.865825151,0.270870942993661,1.5,1,-0.212287677712129
2516,"f","750","100","va",46,0,0,49,0,0,56,0,0,63,0,0,0,0,"2021",0,0,0,0,NA,7,0,0,14,NA,0,21,NA,0,28,NA,0,35,NA,0,NA,NA,NA,41,0,0,"2021",0,0,0,0,0,0,NA
2519,"f","750","100","va",46,0,0,49,0,0,56,0,0,63,0,0,0,0,"2021",0,0,0,0,NA,7,0,0,14,NA,0,21,NA,0,28,NA,0,35,NA,0,NA,NA,NA,41,0,0,"2021",0,0,0,0,0,0,NA
2520,"f","750","30","va",NA,NA,NA,NA,NA,NA,NA,NA,NA,NA,NA,NA,NA,NA,NA,NA,NA,NA,NA,NA,7,1042.184989,0,14,NA,0.5,21,NA,0,28,NA,0,35,NA,0,NA,NA,NA,41,192.4878099,0,"2021",0.5,1042.184989,1042.184989,3.01836132911506,0.5,1,0.0844468618255066
2521,"m","750","30","va",46,0,0,49,0,0,56,0,0,63,0,0,0,0,"2021",0,0,0,0,NA,7,92183.55187,0.5,14,NA,1.5,21,NA,1,28,NA,0,35,NA,0,NA,NA,NA,41,0,0,"2021",1.5,92183.55187,92183.55187,4.96465814882231,1.5,1,0.141459972688232
2522,"m","750","100","va",46,0,0,49,0,0,56,0,0,63,0,0,0,0,"2021",0,0,0,0,NA,7,0,0,14,NA,0,21,NA,0,28,NA,0,35,NA,0,NA,NA,NA,41,0,0,"2021",0,0,0,0,0,0,NA
2527,"m","750","0","va",46,0,0,49,0,0,56,0,0,63,0,0,0,0,"2021",0,0,0,0,NA,7,0,0,14,NA,0,21,NA,0,28,NA,0,35,NA,0,NA,NA,NA,41,0,0,"2021",0,0,0,0,0,0,NA
2535,"m","750","30","va",46,0,0,49,0,0,56,0,0,63,0,0,0,0,"2021",0,0,0,0,NA,7,0,0,14,NA,0,21,NA,0,28,NA,0,35,NA,0,NA,NA,NA,41,0,0,"2021",0,0,0,0,0,0,NA
2537,"f","0","30","va",46,0,0,49,0,0,56,0,0,63,0,0,0,0,"2021",0,0,0,0,NA,7,0,0,15,NA,0,21,NA,0,28,NA,0,35,NA,0,NA,NA,NA,41,0,0,"2021",0,0,0,0,0,0,NA
2538,"f","0","30","va",46,0,0,49,0,0,56,0,0,63,0,0,0,0,"2021",0,0,0,0,NA,7,0,0,15,NA,0,21,NA,0,28,NA,0,35,NA,0,NA,NA,NA,41,0,0,"2021",0,0,0,0,0,0,NA
2539,"m","750","300","va",46,0,0,49,0,0,56,0,0,63,0,0,0,0,"2021",0,0,0,0,NA,7,191.546909,0,14,NA,0,21,NA,0,28,NA,0,35,NA,0,NA,NA,NA,41,0,0,"2021",0,191.546909,191.546909,2.28453655118509,0,1,0.115178481148163
2540,"f","750","7000","va",46,0,0,49,0.907210085,0,56,0.919348878,0,63,0,0,0,0.919348878,"2021",0.907210085,0.280398534540989,0,0,NA,7,7584.083804,0,14,NA,2.5,21,NA,2,28,NA,0,35,NA,0,NA,NA,NA,41,0,0,"2021",2.5,7584.083804,7584.083804,3.87996038346338,2.5,1,-0.164635676557827
2541,"f","750","7000","va",46,0,0,49,0,0,56,0,0,63,3.679267396,0,0,3.679267396,"2021",0,0,0,0,NA,7,10072.54338,0.5,14,NA,1,21,NA,0,28,NA,0,35,NA,0,NA,NA,NA,41,0,0,"2021",1,10072.54338,10072.54338,4.00318226099055,1,1,0.0994623181220108
2542,"m","750","7000","va",46,314.8346194,0,49,345499.6642,0.5,56,3159.639302,2,63,208.4777905,0,2,345499.6642,"2021",345499.6642,5.5384488866107,2,1,0.178940211001285,7,0,0,14,NA,0,21,NA,0,28,NA,0,35,NA,0,NA,NA,NA,41,0,0,"2021",0,0,0,0,0,0,NA
2543,"m","750","100","va",NA,NA,NA,NA,NA,NA,NA,NA,NA,NA,NA,NA,NA,NA,NA,NA,NA,NA,NA,NA,7,84381.90213,0.5,14,NA,0.5,21,NA,0,28,NA,0,35,NA,0,NA,NA,NA,41,32.44628966,0,"2021",0.5,84381.90213,84381.90213,4.92625445772956,0.5,1,0.302686627261535
2545,"m","0","30","va",46,0,0,49,0,0,56,0,0,63,0,0,0,0,"2021",0,0,0,0,NA,7,0,0,15,NA,0,21,NA,0,28,NA,0,35,NA,0,NA,NA,NA,41,0,0,"2021",0,0,0,0,0,0,NA
2546,"f","0","7000","va",46,108.0621346,0,49,24430.08382,1,56,101.3770307,1,63,32.12177959,0,1,24430.08382,"2021",24430.08382,4.38794273371943,1,1,0.19941940211136,7,0,0,15,NA,0,21,NA,0,28,NA,0,35,NA,0,NA,NA,NA,41,0,0,"2021",0,0,0,0,0,0,NA
2549,"m","750","100","va",46,457.5656377,0,49,34114.9935,1,56,217.3059275,1.5,63,5.873400796,0,1.5,34114.9935,"2021",34114.9935,4.53295802299348,1.5,1,0.133752419099795,7,13.38512719,0,14,NA,0,21,NA,0,28,NA,0,35,NA,0,NA,NA,NA,41,0,0,"2021",0,13.38512719,13.38512719,1.15791370617566,0,0,NA
2550,"m","0","300","va",46,10193.31925,0,49,30786.20356,0,56,23601.73813,1.5,63,17.12061663,0,1.5,30786.20356,"2021",30786.20356,4.48837024318655,1.5,1,0.128285352984106,7,0,0,15,NA,0,21,NA,0,28,NA,0,35,NA,0,NA,NA,NA,41,0,0,"2021",0,0,0,0,0,0,NA
2555,"f","0","100","va",46,0,0,49,0,0,56,0,0,63,0.755554178,0,0,0.755554178,"2021",0,0,0,0,NA,7,0,0,15,NA,0,21,NA,0,28,NA,0,35,NA,0,NA,NA,NA,41,0,0,"2021",0,0,0,0,0,0,NA
2556,"f","750","30","va",46,0,0,49,0,0,56,0,0,63,0,0,0,0,"2021",0,0,0,0,NA,7,14.02841174,0,14,NA,0,21,NA,0,28,NA,0,35,NA,0,NA,NA,NA,41,0,0,"2021",0,14.02841174,14.02841174,1.1769130851111,0,0,NA
2558,"f","0","100","va",46,0,0,49,0,0,56,0,0,63,0,0,0,0,"2021",0,0,0,0,NA,7,2.028822601,0,15,NA,0,21,NA,0,28,NA,0,35,NA,0,NA,NA,NA,41,0,0,"2021",0,2.028822601,2.028822601,0.48127383732659,0,0,NA
2559,"m","0","7000","va",46,2012.848075,0,49,31483.01195,2.5,56,201255.7518,5.5,63,2246.662725,5,5.5,201255.7518,"2021",31483.01195,4.49809006856405,5.5,1,-0.537192111685749,7,2.165593037,0,15,NA,0,21,NA,0,28,NA,0,35,NA,0,NA,NA,NA,41,0,0,"2021",0,2.165593037,2.165593037,0.500455081990154,0,0,NA
2563,"f","0","300","va",46,0,0,49,0,0,56,0,0,63,0,0,0,0,"2021",0,0,0,0,NA,7,14.07977062,0,15,NA,0,21,NA,0,28,NA,0,35,NA,0,NA,NA,NA,41,0,0,"2021",0,14.07977062,14.07977062,1.17839473548429,0,0,NA
2564,"f","750","7000","va",46,0,0,49,0,0,56,0,0,63,0,0,0,0,"2021",0,0,0,0,NA,7,0,0,14,NA,0,21,NA,0,28,NA,0,35,NA,0,NA,NA,NA,41,0,0,"2021",0,0,0,0,0,0,NA
2565,"f","0","7000","va",46,35.54981169,0,49,102175.5325,1,56,767.3945203,2,63,9.064939353,2,2,102175.5325,"2021",102175.5325,5.0093511602207,2,1,0.110412308258768,7,0,0,15,NA,0,21,NA,0,28,NA,0,35,NA,0,NA,NA,NA,41,0,0,"2021",0,0,0,0,0,0,NA
2567,"f","750","30","va",46,0,0,49,0,0,56,0,0,63,0,0,0,0,"2021",0,0,0,0,NA,7,756.5853868,0,14,NA,0.5,21,NA,0,28,NA,0,35,NA,0,NA,NA,NA,41,0,0,"2021",0.5,756.5853868,756.5853868,2.87943158889209,0.5,1,0.0731984429101489
2569,"m","0","0","va",46,0,0,49,0,0,56,0,0,63,0.6957742,0,0,0.6957742,"2021",0,0,0,0,NA,7,0,0,15,NA,0,21,NA,0,28,NA,0,35,NA,0,NA,NA,NA,41,0,0,"2021",0,0,0,0,0,0,NA
